origin_id,origin_name,mode,num_trips,num_routes,min_headway_secs,max_headway_secs,mean_headway_secs,median_headway_secs,mode_headway_secs,min_travel_time_secs,max_travel_time_secs,mean_travel_time_secs,median_travel_time_secs,mode_travel_time_secs
233610,Aberdeen Station,sydney_trains,1,1,,,,,,14538,14538,14538,14538,14538
228920,Adamstown Station,sydney_trains,15,1,1356,7200,3604,3600,3600,9486,10500,10038,9990,9900
252710,Albion Park Station,sydney_trains,15,1,1200,10650,3780,3600,3600,6246,6978,6535,6486,6690
26401,Albury Station,sydney_trains,1,1,,,,,,28416,28416,28416,28416,28416
222020,Allawah Station,sydney_trains,78,2,600,1206,740,600,600,1266,1560,1469,1506,1512
220520,Arncliffe Station,sydney_trains,62,2,600,1800,914,600,600,894,954,915,906,906
206410,Artarmon Station,sydney_trains,165,3,180,900,347,360,360,1392,1470,1410,1410,1410
213110,Ashfield Station,sydney_trains,167,3,180,666,345,306,306,714,1050,906,984,780
207730,Asquith Station,sydney_trains,47,2,270,1800,1236,960,1800,2430,3480,3261,3240,3240
214410,Auburn Station,sydney_trains,102,3,174,1716,559,720,720,1278,2178,1915,1866,1776
251540,Austinmer Station,sydney_trains,3,2,1644,29730,15687,15687,1644,4920,5184,5078,5130,4920
228310,Awaba Station,sydney_trains,16,1,1260,7200,3570,3600,3600,7890,9000,8489,8490,8400
221610,Banksia Station,sydney_trains,62,2,600,1800,914,600,600,1020,1080,1040,1032,1032
220710,Bardwell Park Station,sydney_trains,63,1,840,1080,905,900,900,1242,1248,1242,1242,1242
279538,Bathurst Station,sydney_trains,2,2,34199,34199,34199,34199,34199,13319,13320,13319,13319,13319
211910,Beecroft Station,sydney_trains,64,1,780,1110,903,900,900,2124,2694,2478,2514,2514
251810,Bellambi Station,sydney_trains,1,1,,,,,,5538,5538,5538,5538,5538
36721,Benalla Station,sydney_trains,1,1,,,,,,32736,32736,32736,32736,32736
214120,Berala Station,sydney_trains,36,1,900,2160,1635,1800,1800,1800,2202,1906,1830,1830
208110,Berowra Station,sydney_trains,66,3,145,1800,866,755,900,2844,4079,3662,3839,3839
220910,Beverly Hills Station,sydney_trains,64,1,840,1080,905,900,900,1680,1710,1707,1710,1710
220720,Bexley North Station,sydney_trains,64,1,840,1080,905,900,900,1380,1380,1380,1380,1380
278510,Blackheath Station,sydney_trains,16,1,1362,7200,3600,3600,3600,7674,8610,8073,8049,8028
214810,Blacktown Station,sydney_trains,146,4,0,1044,394,240,60,2064,2820,2388,2340,2340
277410,Blaxland Station,sydney_trains,25,1,414,3738,2250,1800,1800,4200,4650,4311,4278,4242
27991,Blayney Station,sydney_trains,1,1,,,,,,16140,16140,16140,16140,16140
253320,Bombo Station,sydney_trains,16,1,1200,10860,3768,3600,3600,7422,8100,7651,7578,7488
202210,Bondi Junction Station,sydney_trains,133,3,180,1200,432,420,600,779,780,779,779,779
228410,Booragul Station,sydney_trains,16,1,1320,7200,3572,3600,3600,8490,9540,9040,9030,8940
257610,Bowral Station,sydney_trains,4,2,2610,18024,12870,17976,2610,5976,6240,6109,6111,5976
229210,Broadmeadow Station,sydney_trains,30,3,228,3660,1761,1632,612,8100,10680,9570,9615,8862
V20030,Broadmeadows Station,sydney_trains,1,1,,,,,,39156,39156,39156,39156,39156
278410,Bullaburra Station,sydney_trains,20,1,1464,3720,2936,3600,3600,6354,6828,6425,6384,6354
251610,Bulli Station,sydney_trains,1,1,,,,,,5250,5250,5250,5250,5250
257810,Bundanoon Station,sydney_trains,3,1,18000,18000,18000,18000,18000,7260,7380,7334,7362,7260
26211,Bungendore Station,sydney_trains,3,1,17880,18120,18000,18000,17880,12642,12660,12654,12660,12660
213410,Burwood Station,sydney_trains,231,4,6,738,249,192,192,672,1272,994,954,954
216620,Cabramatta Station,sydney_trains,97,2,150,1482,587,750,750,3024,3504,3136,3084,3084
256020,Campbelltown Station,sydney_trains,74,3,241,1164,786,900,900,2544,4164,3561,3504,3504
26041,Canberra Station,sydney_trains,3,1,17881,18120,18000,18000,17881,14922,14939,14933,14939,14939
216610,Canley Vale Station,sydney_trains,63,1,438,1800,908,900,900,2928,3372,3040,2958,2958
228520,Cardiff Station,sydney_trains,27,1,750,3660,1971,2421,810,8460,10080,9202,9450,8460
222910,Caringbah Station,sydney_trains,63,1,528,1800,902,900,900,2388,3252,2754,2706,3012
221810,Carlton Station,sydney_trains,78,2,600,1200,740,600,600,1152,1440,1352,1392,1392
216330,Carramar Station,sydney_trains,35,1,900,2220,1655,1800,1800,2676,3096,2770,2706,2706
24701,Casino Station,sydney_trains,1,1,,,,,,42000,42000,42000,42000,42000
217030,Casula Station,sydney_trains,62,1,420,1800,916,900,900,3624,4104,3740,3654,3654
206710,Chatswood Station,sydney_trains,165,3,180,900,347,360,360,1536,1620,1560,1560,1560
211920,Cheltenham Station,sydney_trains,64,1,780,1110,903,900,900,1980,2550,2334,2370,2370
216220,Chester Hill Station,sydney_trains,35,1,900,2220,1656,1800,1800,2256,2676,2357,2286,2286
200020,Circular Quay Station,sydney_trains,395,8,0,450,144,120,60,450,540,480,510,510
275630,Clarendon Station,sydney_trains,27,1,1800,1800,1800,1800,1800,4350,4710,4480,4470,4470
214230,Clyde Station,sydney_trains,89,3,180,3426,650,720,720,1440,2370,2100,2040,1956
250850,Coalcliff Station,sydney_trains,3,2,1644,29730,15687,15687,1644,4170,4434,4328,4380,4170
228430,Cockle Creek Station,sydney_trains,15,1,1326,7200,3604,3600,3600,8790,9834,9370,9324,9234
24501,Coffs Harbour Station,sydney_trains,1,1,,,,,,32520,32520,32520,32520,32520
251530,Coledale Station,sydney_trains,3,2,1638,29730,15684,15684,1638,4764,5022,4920,4974,4764
222610,Como Station,sydney_trains,34,1,1200,3180,1732,1800,1800,1734,2292,1923,1926,2052
213810,Concord West Station,sydney_trains,64,1,900,960,900,900,900,1200,1440,1258,1260,1260
250030,Coniston Station,sydney_trains,16,2,1200,10674,3659,3600,3600,5190,6324,5503,5448,5292
25901,Cootamundra Station,sydney_trains,1,1,,,,,,18396,18396,18396,18396,18396
251820,Corrimal Station,sydney_trains,1,1,,,,,,5664,5664,5664,5664,5664
208120,Cowan Station,sydney_trains,18,2,1074,3600,3190,3600,3600,3108,3762,3362,3288,3228
250520,Cringila Station,sydney_trains,1,1,,,,,,6624,6624,6624,6624,6624
223020,Cronulla Station,sydney_trains,63,1,540,1800,902,900,900,2699,3551,3056,3005,3311
213210,Croydon Station,sydney_trains,72,3,210,1086,800,900,900,1110,1140,1134,1140,1140
26601,Culcairn Station,sydney_trains,1,1,,,,,,26796,26796,26796,26796,26796
253020,Dapto Station,sydney_trains,15,1,1200,10656,3780,3600,3606,5820,6546,6104,6054,5820
211410,Denistone Station,sydney_trains,64,1,894,954,900,900,900,1740,1974,1792,1794,1794
202020,Domestic Airport Station,sydney_trains,122,1,300,1038,471,480,540,624,630,624,624,624
276710,Doonside Station,sydney_trains,71,1,420,1020,810,900,900,2430,3060,2601,2580,2580
226420,Dora Creek Station,sydney_trains,16,1,1260,7200,3570,3600,3600,7350,8460,7951,7950,7860
28301,Dubbo Station,sydney_trains,1,1,,,,,,24299,24299,24299,24299,24299
242010,Dungog Station,sydney_trains,2,1,16800,16800,16800,16800,16800,12120,12618,12369,12369,12120
221320,East Hills Station,sydney_trains,64,2,660,1140,896,900,900,1884,2592,1981,1908,1908
275310,East Richmond Station,sydney_trains,27,1,1800,1800,1800,1800,1800,4620,4980,4750,4740,4740
212210,Eastwood Station,sydney_trains,72,1,270,930,799,900,900,1620,2100,1893,1920,1920
202710,Edgecliff Station,sydney_trains,133,3,174,1200,432,420,594,564,570,566,564,564
217426,Edmondson Park Station,sydney_trains,62,1,414,1800,936,900,900,4182,4572,4284,4212,4212
275020,Emu Plains Station,sydney_trains,58,2,179,2009,998,1351,269,3270,4439,3719,3899,3959
223310,Engadine Station,sydney_trains,35,3,390,2160,1642,1800,1800,2190,2802,2555,2772,2772
212110,Epping Station,sydney_trains,108,2,119,1020,533,702,900,1500,2340,1978,2160,2160
204310,Erskineville Station,sydney_trains,70,2,360,1140,823,900,900,270,540,355,360,360
24411,Eungai Station,sydney_trains,1,1,,,,,,28758,28758,28758,28758,28758
216510,Fairfield Station,sydney_trains,64,1,450,1800,901,900,900,2754,3192,2868,2784,2784
251910,Fairy Meadow Station,sydney_trains,1,1,,,,,,5892,5892,5892,5892,5892
228330,Fassifern Station,sydney_trains,28,1,930,3660,1984,2310,960,7800,9270,8452,8583,7800
277610,Faulconbridge Station,sydney_trains,20,1,1446,3720,2936,3600,3600,5154,5610,5224,5184,5154
214020,Flemington Station,sydney_trains,100,3,168,1734,567,720,720,1374,1770,1571,1494,1404
28311,Geurie Station,sydney_trains,1,1,,,,,,23220,23220,23220,23220,23220
277310,Glenbrook Station,sydney_trains,25,1,414,3738,2250,1800,1800,3900,4356,4016,3984,3948
216710,Glenfield Station,sydney_trains,138,4,0,1050,418,300,60,1890,4320,3165,3144,2460
24221,Gloucester Station,sydney_trains,2,1,17280,17280,17280,17280,17280,15900,16878,16389,16389,15900
207210,Gordon Station,sydney_trains,164,3,179,900,351,361,361,2100,2280,2162,2160,2160
225040,Gosford Station,sydney_trains,37,2,360,3660,1593,1500,1500,4830,5790,5223,5208,5280
258010,Goulburn Station,sydney_trains,4,2,4440,18000,12000,13560,4440,9156,9540,9409,9471,9156
24601,Grafton Station,sydney_trains,1,1,,,,,,36840,36840,36840,36840,36840
214240,Granville Station,sydney_trains,128,4,6,1260,450,450,180,1422,2460,2036,2052,2052
201710,Green Square Station,sydney_trains,122,1,300,1044,466,480,540,240,240,240,240,240
216110,Guildford Station,sydney_trains,65,1,450,1800,894,900,900,2412,2820,2525,2442,2442
25811,Gunning Station,sydney_trains,1,1,,,,,,11496,11496,11496,11496,11496
222710,Gymea Station,sydney_trains,63,1,534,1800,902,900,900,2094,2952,2456,2406,2712
230310,Hamilton Station,sydney_trains,27,1,540,3660,1963,2535,600,9060,10890,9918,10242,9060
25871,Harden Station,sydney_trains,1,1,,,,,,16416,16416,16416,16416,16416
215010,Harris Park Station,sydney_trains,39,2,780,16056,1507,900,900,1554,2634,2415,2574,2574
208310,Hawkesbury River Station,sydney_trains,18,2,1140,3600,3194,3600,3600,3684,4404,3947,3864,3804
277910,Hazelbrook Station,sydney_trains,21,1,1404,3720,2790,3540,3600,5646,6432,6010,5988,5958
223320,Heathcote Station,sydney_trains,35,3,384,2160,1660,1800,1800,2370,2982,2741,2946,2946
250810,Helensburgh Station,sydney_trains,23,3,600,3636,2450,2295,3600,2916,3390,3095,3030,3018
26581,Henty Station,sydney_trains,1,1,,,,,,26136,26136,26136,26136,26136
217310,Holsworthy Station,sydney_trains,75,2,282,1140,767,900,900,1860,2802,2177,2118,2118
214010,Homebush Station,sydney_trains,102,3,115,960,563,455,900,1284,1871,1547,1596,1314
207720,Hornsby Station,sydney_trains,202,4,59,840,285,228,60,2148,3300,2910,3000,3000
222010,Hurstville Station,sydney_trains,171,4,59,960,335,241,240,1080,1740,1385,1278,1140
256510,Ingleburn Station,sydney_trains,74,2,282,1140,781,900,900,2562,3552,2938,2880,2880
202030,International Airport Station,sydney_trains,122,1,300,1032,471,480,540,780,792,780,780,780
222620,Jannali Station,sydney_trains,66,3,192,1800,868,900,900,1686,2442,1960,1896,2202
26631,Junee Station,sydney_trains,1,1,,,,,,21276,21276,21276,21276,21276
278020,Katoomba Station,sydney_trains,22,1,1050,3720,2571,2400,3600,6360,7770,7239,7274,7260
24401,Kempsey Station,sydney_trains,2,1,16620,16620,16620,16620,16620,26700,27018,26859,26859,26700
24391,Kendall Station,sydney_trains,2,1,17280,17280,17280,17280,17280,22500,23478,22989,22989,22500
253330,Kiama Station,sydney_trains,16,1,1201,10860,3768,3600,3600,7602,8279,7830,7757,7667
207110,Killara Station,sydney_trains,152,2,180,900,379,360,360,2004,2148,2035,2028,2028
201110,Kings Cross Station,sydney_trains,133,3,180,1200,431,420,600,420,420,420,420,420
220810,Kingsgrove Station,sydney_trains,64,1,840,1080,905,900,900,1512,1530,1528,1530,1530
274720,Kingswood Station,sydney_trains,70,1,426,1020,823,900,900,3390,4020,3571,3540,3540
223230,Kirrawee Station,sydney_trains,64,1,534,1800,899,900,900,1968,2826,2324,2280,2586
221710,Kogarah Station,sydney_trains,94,2,360,960,612,600,600,1026,1320,1198,1272,1272
225620,Koolewong Station,sydney_trains,18,2,1716,3660,3130,3600,3600,4692,5322,4904,4845,4812
228910,Kotara Station,sydney_trains,15,1,1350,7200,3604,3600,3600,9330,10350,9888,9840,9750
24741,Kyogle Station,sydney_trains,1,1,,,,,,43740,43740,43740,43740,43740
275030,Lapstone Station,sydney_trains,23,1,408,3738,2454,1803,1800,3702,4110,3779,3756,3702
278310,Lawson Station,sydney_trains,20,1,1464,3720,2936,3600,3600,6180,6654,6251,6210,6180
216310,Leightonfield Station,sydney_trains,35,1,900,2220,1655,1800,1800,2406,2826,2503,2436,2436
217933,Leppington Station,sydney_trains,61,1,419,1800,945,900,900,4529,4920,4653,4589,4589
256010,Leumeah Station,sydney_trains,73,2,282,1140,796,900,900,2982,3996,3399,3330,3330
278010,Leura Station,sydney_trains,20,1,1332,3714,2842,3594,3600,6654,7530,7089,7071,7038
204920,Lewisham Station,sydney_trains,80,3,180,1080,720,900,900,738,798,756,750,750
214110,Lidcombe Station,sydney_trains,222,5,0,786,259,192,30,1110,1986,1513,1590,1170
277820,Linden Station,sydney_trains,20,1,1464,3720,2936,3600,3600,5436,5910,5507,5466,5436
207010,Lindfield Station,sydney_trains,151,2,180,900,376,360,360,1878,2022,1908,1902,1902
225070,Lisarow Station,sydney_trains,17,1,1380,7200,3525,3600,3600,5538,6408,5953,5904,5808
279010,Lithgow Station,sydney_trains,2,2,34560,34560,34560,34560,34560,8880,9240,9060,9060,8880
217020,Liverpool Station,sydney_trains,96,2,181,1410,588,631,900,3360,3840,3478,3450,3390
223220,Loftus Station,sydney_trains,34,2,1200,2160,1693,1800,1800,2010,2532,2296,2502,2502
250510,Lysaghts Station,sydney_trains,1,1,,,,,,6492,6492,6492,6492,6492
256030,Macarthur Station,sydney_trains,68,3,300,1140,851,900,900,2730,4403,3807,3719,3719
201520,Macdonaldtown Station,sydney_trains,74,2,360,1080,779,900,900,282,324,288,282,282
24471,Macksville Station,sydney_trains,2,1,16740,16740,16740,16740,16740,29340,29778,29559,29559,29340
256410,Macquarie Fields Station,sydney_trains,74,2,282,1140,781,900,900,2400,3396,2773,2712,2712
232020,Maitland Station,sydney_trains,3,2,3660,12900,8280,8280,3660,9480,9852,9690,9738,9480
214820,Marayong Station,sydney_trains,42,1,360,1800,1216,900,900,2730,3090,2835,2850,2850
200030,Martin Place Station,sydney_trains,133,3,180,1200,431,420,600,270,270,270,270,270
202010,Mascot Station,sydney_trains,123,1,300,1038,470,480,540,456,462,456,456,456
211430,Meadowbank Station,sydney_trains,72,1,384,900,799,900,900,1332,1728,1527,1548,1548
278030,Medlow Bath Station,sydney_trains,16,1,1350,7200,3600,3600,3600,7314,8250,7721,7695,7680
216010,Merrylands Station,sydney_trains,65,1,450,1890,893,900,900,2232,2628,2341,2262,2262
279821,Millthorpe Station,sydney_trains,1,1,,,,,,16710,16710,16710,16710,16710
206110,Milsons Point Station,sydney_trains,190,4,180,540,302,300,360,630,660,659,660,660
253310,Minnamurra Station,sydney_trains,15,1,1200,10860,3780,3600,3600,7152,7830,7353,7266,7218
256610,Minto Station,sydney_trains,73,2,282,1140,788,900,900,2778,3792,3177,3120,3120
222810,Miranda Station,sydney_trains,63,1,528,1800,902,900,900,2232,3096,2598,2550,2856
257510,Mittagong Station,sydney_trains,4,2,2610,18042,12884,18000,2610,5700,5982,5836,5832,5700
226410,Morisset Station,sydney_trains,29,1,1050,3660,1969,2145,1080,6840,8190,7405,7560,6840
222310,Mortdale Station,sydney_trains,72,3,210,1770,793,816,816,1374,2052,1629,1686,1902
257710,Moss Vale Station,sydney_trains,5,3,2639,18048,9659,8976,2639,6276,6689,6479,6522,6276
207910,Mount Colah Station,sydney_trains,45,1,780,1800,1292,990,900,3390,3630,3465,3390,3390
277010,Mount Druitt Station,sydney_trains,71,1,420,1020,818,900,900,2790,3420,2966,2940,2940
208010,Mount Kuring-gai Station,sydney_trains,44,1,870,1800,1301,960,900,3588,3828,3669,3588,3588
278610,Mount Victoria Station,sydney_trains,16,1,1362,5172,3359,3600,3600,7320,9030,8418,8454,8448
275610,Mulgrave Station,sydney_trains,28,1,1800,1800,1800,1800,1800,3990,4350,4115,4110,4110
23381,Murrurundi Station,sydney_trains,1,1,,,,,,16572,16572,16572,16572,16572
200040,Museum Station,sydney_trains,396,8,18,522,144,156,18,138,990,496,810,138
233310,Muswellbrook Station,sydney_trains,1,1,,,,,,13872,13872,13872,13872,13872
24481,Nambucca Heads Station,sydney_trains,2,1,16740,16740,16740,16740,16740,30060,30498,30279,30279,30060
2250772,Narara Station,sydney_trains,18,2,360,7200,3338,3600,3600,5268,6138,5696,5652,5538
220920,Narwee Station,sydney_trains,64,1,840,1080,905,900,900,1806,1830,1827,1830,1830
229310,Newcastle Interchange Station,sydney_trains,27,1,539,3660,1963,2550,600,9238,11069,10094,10421,9239
204210,Newtown Station,sydney_trains,167,3,180,672,344,360,486,324,420,359,378,378
225060,Niagara Park Station,sydney_trains,17,1,1380,7200,3525,3600,3600,5400,6270,5815,5766,5670
207620,Normanhurst Station,sydney_trains,64,1,780,1128,903,900,900,2580,3132,2924,2952,2952
213710,North Strathfield Station,sydney_trains,64,1,900,960,900,900,900,1080,1320,1138,1140,1140
206010,North Sydney Station,sydney_trains,190,4,179,540,302,301,360,750,780,779,780,780
250010,North Wollongong Station,sydney_trains,19,2,1800,3666,3053,3597,3600,4908,6042,5117,5028,5016
252920,Oak Flats Station,sydney_trains,15,1,1200,10866,3780,3597,3588,6564,7248,6773,6678,6654
222320,Oatley Station,sydney_trains,64,3,240,2220,907,900,840,1380,2052,1602,1566,1812
212710,Olympic Park Station,sydney_trains,60,1,240,720,422,420,300,1175,1835,1511,1499,1499
28001,Orange Station,sydney_trains,1,1,,,,,,17640,17640,17640,17640,17640
250830,Otford Station,sydney_trains,3,2,1650,29730,15690,15690,1650,3600,3870,3760,3810,3600
225810,Ourimbah Station,sydney_trains,18,2,222,7200,3330,3600,3600,5718,6588,6139,6111,5988
221110,Padstow Station,sydney_trains,69,1,222,1080,829,900,900,1902,2160,2134,2160,2160
221310,Panania Station,sydney_trains,64,2,660,1140,896,900,900,1746,2442,1841,1770,1770
215020,Parramatta Station,sydney_trains,181,5,1,1020,317,197,31,1488,2759,1770,1560,1560
214530,Pendle Hill Station,sydney_trains,46,2,360,2040,1232,900,900,2010,2310,2103,2130,2130
212020,Pennant Hills Station,sydney_trains,64,1,780,1110,903,900,900,2274,2844,2628,2664,2664
275010,Penrith Station,sydney_trains,96,2,150,1019,601,571,959,3030,4259,3603,3720,3779
222210,Penshurst Station,sydney_trains,72,3,192,1752,793,828,972,1260,1932,1519,1572,1320
204910,Petersham Station,sydney_trains,83,3,192,1080,693,900,900,642,690,652,642,642
257110,Picton Station,sydney_trains,1,1,,,,,,3852,3852,3852,3852,3852
225030,Point Clare Station,sydney_trains,18,2,1734,3660,3130,3600,3600,4974,5604,5188,5136,5094
250530,Port Kembla North Station,sydney_trains,1,1,,,,,,6756,6756,6756,6756,6756
250540,Port Kembla Station,sydney_trains,1,1,,,,,,6959,6959,6959,6959,6959
207310,Pymble Station,sydney_trains,96,1,180,936,600,660,900,2268,2448,2335,2328,2328
276310,Quakers Hill Station,sydney_trains,42,1,360,1800,1216,900,900,2922,3282,3028,3042,3042
26201,Queanbeyan Station,sydney_trains,3,1,17880,18120,18000,18000,17880,14322,14340,14334,14340,14340
23431,Quirindi Station,sydney_trains,1,1,,,,,,18552,18552,18552,18552,18552
201510,Redfern Station,sydney_trains,617,15,0,282,93,78,48,102,300,118,114,108
214310,Regents Park Station,sydney_trains,35,1,900,2220,1657,1800,1800,1950,2364,2054,1980,1980
221210,Revesby Station,sydney_trains,128,2,89,912,452,425,365,1530,2399,1970,1965,2339
213820,Rhodes Station,sydney_trains,72,1,384,900,799,900,900,1206,1602,1401,1422,1422
275320,Richmond Station,sydney_trains,27,1,1800,1800,1800,1800,1800,4739,5099,4869,4859,4859
276510,Riverstone Station,sydney_trains,28,1,1800,1800,1800,1800,1800,3360,3720,3485,3480,3480
221010,Riverwood Station,sydney_trains,69,1,222,1080,829,900,900,1746,2004,1978,2004,2004
221620,Rockdale Station,sydney_trains,94,2,360,960,612,600,600,906,1200,1078,1152,1152
276610,Rooty Hill Station,sydney_trains,71,1,420,1020,810,900,900,2610,3240,2779,2760,2760
206910,Roseville Station,sydney_trains,151,2,180,900,376,360,360,1740,1884,1770,1764,1764
2790128,Rydal Station,sydney_trains,2,2,34308,34308,34308,34308,34308,10320,10428,10374,10374,10320
24521,Sawtell Station,sydney_trains,1,1,,,,,,32040,32040,32040,32040,32040
251510,Scarborough Station,sydney_trains,3,2,1638,29730,15684,15684,1638,4440,4698,4596,4650,4440
276220,Schofields Station,sydney_trains,41,1,359,1800,1223,901,1800,3119,3480,3229,3240,3240
233710,Scone Station,sydney_trains,1,1,,,,,,15132,15132,15132,15132,15132
216210,Sefton Station,sydney_trains,35,1,900,2220,1657,1800,1800,2118,2514,2219,2148,2148
214710,Seven Hills Station,sydney_trains,115,2,0,1008,502,510,900,1980,2610,2237,2130,2130
V17191,Seymour Station,sydney_trains,1,1,,,,,,35916,35916,35916,35916,35916
2529218,Shellharbour Junction Station,sydney_trains,15,1,1200,10860,3780,3600,3600,6792,7470,6997,6906,6858
233010,Singleton Station,sydney_trains,1,1,,,,,,11772,11772,11772,11772,11772
V22180,Southern Cross Station,sydney_trains,1,1,,,,,,40716,40716,40716,40716,40716
277720,Springwood Station,sydney_trains,25,1,389,3714,2355,1811,3600,4734,5340,4956,4932,4896
200050,St James Station,sydney_trains,397,8,12,432,145,132,180,252,870,492,690,252
206520,St Leonards Station,sydney_trains,166,3,180,900,346,360,360,1224,1314,1254,1254,1254
276010,St Marys Station,sydney_trains,71,1,432,1020,818,900,900,3018,3660,3205,3180,3180
204410,St Peters Station,sydney_trains,70,2,360,1110,823,900,900,390,660,498,510,510
204810,Stanmore Station,sydney_trains,83,3,204,1080,693,900,900,528,576,537,528,528
250840,Stanwell Park Station,sydney_trains,3,2,1650,29730,15690,15690,1650,3870,4140,4030,4080,3870
213510,Strathfield Station,sydney_trains,373,9,0,444,154,138,198,744,1470,1025,870,780
28201,Stuart Town Station,sydney_trains,1,1,,,,,,20220,20220,20220,20220,20220
213010,Summer Hill Station,sydney_trains,79,3,180,1080,717,900,900,840,900,861,858,858
223210,Sutherland Station,sydney_trains,123,4,150,1368,464,360,180,1740,2592,2074,2046,2340
204420,Sydenham Station,sydney_trains,179,5,6,642,320,291,193,444,809,539,462,444
257310,Tahmoor Station,sydney_trains,1,1,,,,,,4380,4380,4380,4380,4380
258011,Tarago Station,sydney_trains,3,1,17880,18120,18000,18000,17880,11142,11160,11154,11160,11160
27871,Tarana Station,sydney_trains,2,2,34200,34200,34200,34200,34200,11400,11400,11400,11400,11400
24301,Taree Station,sydney_trains,2,1,17340,17340,17340,17340,17340,19560,20598,20079,20079,19560
225020,Tascott Station,sydney_trains,18,2,1728,3660,3130,3600,3600,4848,5478,5061,5007,4968
204430,Tempe Station,sydney_trains,62,2,558,1800,914,600,600,642,702,651,642,642
228420,Teralba Station,sydney_trains,16,1,1320,7200,3572,3600,3600,8610,9660,9160,9150,9060
26551,The Rock Station,sydney_trains,1,1,,,,,,25116,25116,25116,25116,25116
251550,Thirroul Station,sydney_trains,22,2,211,3666,2685,3570,3600,4350,5339,4607,4485,4458
212010,Thornleigh Station,sydney_trains,63,1,780,1128,903,900,900,2394,2946,2737,2766,2766
214610,Toongabbie Station,sydney_trains,47,2,360,2040,1244,915,1800,2154,2454,2250,2274,2274
200070,Town Hall Station,sydney_trains,720,15,0,342,80,60,48,120,942,323,180,180
251830,Towradgi Station,sydney_trains,1,1,,,,,,5772,5772,5772,5772,5772
225910,Tuggerah Station,sydney_trains,33,1,270,3660,1762,1515,1230,5730,6930,6218,6312,5790
207410,Turramurra Station,sydney_trains,95,1,180,936,604,660,900,2430,2610,2497,2490,2490
220530,Turrella Station,sydney_trains,63,1,840,1080,904,900,900,1086,1104,1087,1086,1086
252610,Unanderra Station,sydney_trains,15,1,1200,10656,3780,3600,3606,5496,6222,5772,5730,5820
24551,Urunga Station,sydney_trains,1,1,,,,,,31020,31020,31020,31020,31020
277710,Valley Heights Station,sydney_trains,23,1,390,3738,2536,1812,3600,4698,5130,4773,4734,4698
216320,Villawood Station,sydney_trains,35,1,900,2220,1655,1800,1800,2520,2940,2616,2550,2550
276520,Vineyard Station,sydney_trains,28,1,1800,1800,1800,1800,1800,3780,4140,3905,3900,3900
26501,Wagga Wagga Station,sydney_trains,1,1,,,,,,23856,23856,23856,23856,23856
207610,Wahroonga Station,sydney_trains,94,1,180,936,604,660,900,2694,2850,2741,2730,2730
207710,Waitara Station,sydney_trains,95,1,180,936,607,660,900,2826,2982,2877,2862,2862
36771,Wangaratta Station,sydney_trains,1,1,,,,,,31236,31236,31236,31236,31236
225930,Warnervale Station,sydney_trains,16,1,1230,7200,3568,3600,3600,6300,7440,6930,6930,6840
207420,Warrawee Station,sydney_trains,95,1,180,936,604,660,900,2574,2730,2621,2610,2610
277420,Warrimoo Station,sydney_trains,23,1,390,3738,2454,1806,1800,4458,4890,4537,4518,4458
217010,Warwick Farm Station,sydney_trains,97,2,180,1458,587,720,720,3222,3690,3316,3252,3252
223330,Waterfall Station,sydney_trains,35,2,479,2160,1660,1800,1800,2700,3282,3044,3251,3251
24461,Wauchope Station,sydney_trains,2,1,16560,16560,16560,16560,16560,24360,24618,24489,24489,24360
206020,Waverton Station,sydney_trains,166,3,180,552,342,360,360,948,1038,978,978,978
28202,Wellington Station,sydney_trains,1,1,,,,,,22200,22200,22200,22200,22200
278210,Wentworth Falls Station,sydney_trains,20,1,1320,3714,2842,3594,3600,6294,7170,6740,6723,6690
214520,Wentworthville Station,sydney_trains,46,2,360,2034,1232,900,900,1860,2160,1953,1980,1980
274710,Werrington Station,sydney_trains,70,1,432,1020,823,900,900,3180,3810,3362,3330,3330
23411,Werris Creek Station,sydney_trains,1,1,,,,,,19451,19451,19451,19451,19451
211420,West Ryde Station,sydney_trains,72,1,360,900,799,900,900,1440,1860,1657,1680,1680
214510,Westmead Station,sydney_trains,99,2,180,1050,573,660,180,1710,2220,1801,1770,1770
23391,Willow Tree Station,sydney_trains,1,1,,,,,,17952,17952,17952,17952,17952
275620,Windsor Station,sydney_trains,28,1,1800,1800,1800,1800,1800,4170,4530,4295,4290,4290
24291,Wingham Station,sydney_trains,2,1,17280,17280,17280,17280,17280,18840,19818,19329,19329,18840
220510,Wolli Creek Station,sydney_trains,293,5,6,900,195,180,216,630,984,800,756,924
250020,Wollongong Station,sydney_trains,19,2,1794,3666,3053,3599,3600,5034,6168,5246,5154,5136
206510,Wollstonecraft Station,sydney_trains,167,3,180,900,346,360,360,1080,1170,1110,1110,1110
251520,Wombarra Station,sydney_trains,3,2,1632,29730,15681,15681,1632,4602,4854,4756,4812,4602
225010,Wondabyne Station,sydney_trains,17,2,1140,3600,3168,3600,3600,4104,4824,4372,4284,4224
277810,Woodford Station,sydney_trains,20,1,1464,3720,2936,3600,3600,5718,6192,5789,5748,5718
223010,Woolooware Station,sydney_trains,63,1,504,1800,902,900,900,2538,3426,2922,2880,3186
251710,Woonona Station,sydney_trains,1,1,,,,,,5400,5400,5400,5400,5400
225610,Woy Woy Station,sydney_trains,37,2,180,3660,1510,1680,1680,4350,5220,4667,4602,4620
225940,Wyee Station,sydney_trains,16,1,1242,7200,3568,3600,3600,6696,7824,7315,7314,7224
200080,Wynyard Station,sydney_trains,585,12,6,438,98,84,84,330,780,439,378,378
225920,Wyong Station,sydney_trains,33,1,271,3660,1727,1484,1230,5910,7110,6389,6492,5970
25821,Yass Junction Station,sydney_trains,1,1,,,,,,13296,13296,13296,13296,13296
216120,Yennora Station,sydney_trains,64,1,450,1800,901,900,900,2574,3000,2686,2604,2604
200046,Barangaroo Station,sydney_metro,208,1,198,420,276,240,300,319,329,321,319,319
2153478,Bella Vista Station,sydney_metro,202,1,198,600,284,252,300,2625,2670,2648,2650,2650
2154391,Castle Hill Station,sydney_metro,203,1,198,600,282,252,300,2157,2202,2180,2182,2182
206710,Chatswood Station,sydney_metro,207,1,198,600,278,243,300,844,867,850,847,847
2126158,Cherrybrook Station,sydney_metro,204,1,198,600,282,252,300,1992,2037,2015,2017,2017
206516,Crows Nest Station,sydney_metro,207,1,198,420,276,240,300,628,648,631,628,628
212110,Epping Station,sydney_metro,205,1,198,600,280,252,300,1648,1689,1668,1669,1669
200066,Gadigal Station,sydney_metro,208,1,190,420,275,240,300,86,86,86,86,86
2154392,Hills Showground Station,sydney_metro,203,1,198,600,282,252,300,2308,2353,2331,2333,2333
2155382,Kellyville Station,sydney_metro,202,1,198,600,284,252,300,2775,2820,2798,2800,2800
211340,Macquarie Park Station,sydney_metro,206,1,198,600,280,252,300,1313,1345,1326,1325,1325
211310,Macquarie University Station,sydney_metro,205,1,198,600,280,252,300,1432,1468,1448,1448,1448
200030,Martin Place Station,sydney_metro,209,1,190,420,276,240,300,179,189,179,179,179
211320,North Ryde Station,sydney_metro,206,1,198,600,278,248,300,1189,1217,1199,1197,1197
2153477,Norwest Station,sydney_metro,202,1,198,600,282,252,300,2468,2513,2491,2493,2493
2155383,Rouse Hill Station,sydney_metro,201,1,198,600,285,252,300,2944,2989,2967,2969,2969
204420,Sydenham Station,sydney_metro,209,1,210,420,275,240,240,306,335,321,321,321
2155384,Tallawong Station,sydney_metro,202,1,210,600,286,240,300,3094,3141,3118,3119,3119
206044,Victoria Cross Station,sydney_metro,207,1,198,420,276,240,300,499,509,500,499,499
201721,Waterloo Station,sydney_metro,209,1,201,420,275,240,240,93,103,98,98,98
